ticker,platform,kappa,theta,xi,rho,v0,lambda_j,mu_j,sigma_j,feller_satisfied,converged,mse,log_likelihood,log_likelihood_heston,lr_statistic,p_value_jump_significance,n_obs
0x02bc0bbff054877a08cdc4f9ccf4e7606804bc05c27f5faccf26c6e1666a5558,polymarket,0.01,9.688678404578145,0.4382275146101954,-0.5,1e-06,11.198664696746798,0.0,2.1134298183708586,True,True,744.4955563074273,-1138.8091866505436,-1164.9541552687624,52.28993723643771,2.5978430785914167e-11,241
0x037c9d29c04a2f6a5373ae7db7779cb40a751ca372de1e55999397a8f571c67e,polymarket,0.01,9.996254326213426,0.01,-0.3,1e-06,99.97990025978685,0.0,1.7968032101408158,True,True,1773.706382793916,-1331.1205969772877,-1688.8341336225726,715.4270732905698,9.480111697411808e-155,258
0x04787bbd66241501604f377f11b897879c1593b019bb3363dac0a73e99b4a131,polymarket,0.01,9.999995125746317,0.38968161124853007,-0.5,1e-06,97.5018291538075,0.0,1.1153473979039112,True,True,366.8209581792157,-791.2696593629016,-897.1269889411449,211.7146591564865,1.2405046652122436e-45,181
0x08f5fe8d0d29c08a96f0bc3dfb52f50e0caf470d94d133d95d38fa6c847e0925,polymarket,0.01,6.656717133916398,0.01,0.0,1.0782421013043288,67.39687854272353,1.9480473150759285,1.1572444869003806,True,True,1193.7054946564358,-1294.9116551587663,-1783.233897039388,976.6444837612435,2.0969944067525443e-211,261
0x0b7c6545b913133ccde713feb3599cae65325030bbe3e1bdf99943e5f5ef3464,polymarket,1.9399814747450799,10.0,0.5,-0.3,5.0,100.0,5.0,3.0,True,True,4078.8608337860182,-217.8446842252642,-329.35845248304014,223.0275365155519,4.448764665425033e-48,39
0x0c12d7b5322f432a0c4ac8806b476c7483c4d44061ca1188b6f749ec9db34996,polymarket,0.01,9.756611527679155,0.44009406024507375,-0.3,1e-06,99.73824398509394,-1.305735186136147,1.200716108632309,True,True,1662.3451060647076,-1322.7620155656923,-1677.4196801443604,709.3153291573362,2.0049522149576773e-153,258
0x0fb3a064027b95de36af33e6b88b9bbd56f9e80707fe828c542daa3bd38f9001,polymarket,0.01,10.0,0.01,-0.3,1e-06,100.0,5.0,3.0,True,True,4365.528091891611,-168.29165726416227,-200.9819658210702,65.38061711381584,4.158535532544216e-14,30
0x1070c27e30447364ed6602778729203d29aaa8860cb0a24779eb3a26f68b245f,polymarket,0.01,9.999601088796904,0.01,-0.5,1e-06,99.98983927439443,0.0,1.3768845344064964,True,True,3286.00009486732,-1388.7887218222245,-1511.213868483167,244.85029332188515,8.503304061605448e-53,254
0x1092f6af37037a3539947b2052eeffff3608e2b68926340cab146369d3d2aac9,polymarket,0.01,2.6084337748143294,0.16865322983815514,0.5,1e-06,12.154230912973125,-1.496604383633119,1.0830453298364475,True,True,682.5707620217402,-1128.3375827017248,-1146.003796319114,35.33242723477815,1.0363239397036944e-07,241
0x136e99098f7d4087b4c5775d9f9a512de67e50bda37e88fa86b05a226c390182,polymarket,0.01,9.92343123793998,0.442866148472645,-0.3,1e-06,99.90407358673085,-1.9539101677072557,1.1723562138296095,True,True,1385.9225500955883,-785.6180265096807,-1021.2845799318447,471.3331068443281,7.777478457314635e-102,156
0x13d3e3531ecc4d6096ffe53c9a34f73ea56ed9b4404f87366e708d3d3a7be699,polymarket,0.01,3.492753607642399,0.13192783851948464,0.5,1e-06,22.810963198111118,-2.24208584238765,1.5990176847541437,True,True,3854.249477467373,-1458.968277419386,-1562.5363920981972,207.1362293576226,1.210846452237272e-44,263
0x14018049e265a2d88f284be9588e2e3542e3a3df08ccdb344d28355dd7fdd8ef,polymarket,0.01,9.988681249931266,0.01,-0.5,1e-06,91.17561790038216,0.0,1.5925620878527826,True,True,6122.554907674403,-1520.083154567109,-1633.562329243187,226.9583493521559,6.286874984885572e-49,263
0x19120414e0b7b170bb81ab518317f6926c2bb633167e4b11981ef7c078cea739,polymarket,0.01,9.969384344739433,0.4445317720186482,-0.3,1e-06,99.98720865670704,0.0,1.6765039875497016,True,True,2212.2616162381823,-822.2682220496829,-904.6315505274365,164.72665695550722,1.7498297357046311e-35,156
0x198d833c085ed0c858165192e9fd446c5392dbcdedd1132d89c578c0b5c29b2f,polymarket,0.01,9.109271276323884,0.01,0.0,1e-06,67.4249507110987,1.8468460479073556,0.501237372625712,True,True,2429.0626943367,-1424.8576212184796,-1668.7753373643454,487.83543229173165,2.0646483709930547e-105,268
0x1e14c1e407a8aa7a727fadf74049b255a93f1c22f137d6a244ea64604b5b36d5,polymarket,0.01,3.810154852889792,0.01,0.0,1e-06,41.6744760531324,2.755242984694685,1.9200583909107145,True,True,4670.835250813672,-654.7614119663717,-705.8021831896993,102.08154244665525,5.5447497126634005e-22,116
0x1e3afb4a670b4c28b8a2742ef61830023bb39809260af94908392cc7c9fdb7ca,polymarket,0.01,10.0,0.44721347070872836,-0.3,5.0,100.0,5.0,3.0,True,True,16916.605179600032,-178.8712496191038,-181.61379818180097,5.485097125394361,0.1395326964047666,20
0x2010ff3939e8e664dd57369aa907bbaa6d03ae18be27fe3ab2f4cdcb95a8b2ab,polymarket,0.01,1.9796057667148015,0.19889339821797505,-0.3,1e-06,4.930685910195763,4.359360083346522,2.615628198758123,True,True,396.454735685189,-749.7636443461208,-842.609716874445,185.69214505664831,5.2013975006310934e-40,170
0x215625b9e962f3f499f832c77dd4caa400bd8435369b5fd65e8673c8b2c4da66,polymarket,0.01,4.907205232880211,0.01,0.0,1e-06,44.08721152339887,1.9742077902445994,1.0125417232032714,True,True,2755.29582036763,-1447.1466182941413,-1637.1244648077977,379.9556930273129,4.8597580716366116e-82,269
0x230144e34a84dfd0ebdc6de7fde37780e28154f6f84dd8880c7f0e58d302d448,polymarket,0.01,3.4590984527638065,0.2628945330507784,-0.3,1e-06,6.37813214641981,-4.999847428232259,2.999904872624018,True,True,3023.463795366723,-1465.0625871602278,-1645.8543222249664,361.58347012947706,4.627938516240892e-78,270
0x26000a18ec71be1c8dc92eeb52d274d561da9081bdae520968bb27f80ed453df,polymarket,6.616250596378365,10.0,0.3,0.5,5.0,100.0,-5.0,3.0,True,True,9898.0509924578,-216.79844571166956,-264.47485896628586,95.35282650923261,1.5505603835028474e-20,36
0x260fd9d6b10746909a26c2af7a68b409f757c95a07dc57ddd480774a36c8399b,polymarket,0.01,0.00976046884286078,0.01,0.0,1e-06,32.03856948035646,-0.17267856306316975,1.5257567135937866,True,True,1507.5199316096111,-1365.9957369006731,-1412.6429480043985,93.29442220745068,4.29362375333892e-20,269
0x265366ede72d73e137b2b9095a6cdc9be6149290caa295738a95e3d881ad0865,polymarket,50.0,10.0,0.5,-0.3,5.0,99.99999897551065,-2.487946688103738,1.4928026447962535,True,True,398.89650632711624,-1323.986860374543,-1427.2534858139031,206.53325087872008,1.6345461173116437e-44,300
0x26ee82bee2493a302d21283cb578f7e2fff2dd15743854f53034d12420863b55,polymarket,0.01,2.0461095198299883,0.20228873529829877,-0.3,1e-06,1.4903648087268135,0.0,2.4589032171468403,True,True,442.0082083922893,-2919.860936338301,-2937.954081736751,36.18629079689981,6.839092412571058e-08,654
0x29f8437fee9a3c972bcdc483874dc6f5192142a2158e999ace849dedb342d671,polymarket,0.01,0.4564374206097387,0.09554511834263159,-0.3,1e-06,99.99990951104353,0.0,1.884487451117908,False,True,4340.244007207367,-740.1846834690894,-788.671153711465,96.97294048475123,6.954566764614588e-21,132
0x2d606a51f902a4d934a4b810dd77cb28bb8e40268f42354057b5a47f9799efad,polymarket,0.01,3.9049653714412953,0.01,0.0,1e-06,36.04164489077223,2.252762544682477,1.2607627424056198,True,True,1752.7028400737713,-1025.52681735674,-1172.3389487852198,293.62426285695983,2.385662890192763e-63,199
0x2edbdabce90c3dfa1125836396c80762fa3bf09eaf5e611e4a2fd4a13ce81c25,polymarket,0.01,10.0,0.4254937723476898,-0.3,5.0,100.0,5.0,3.0,True,True,27262.67635821157,-326.7654398407858,-211.10412702051687,0.0,1.0,21
0x3120827dc12167d09fd9f08233e2b540054a2ed90aad65c023bc1da9d38b29d9,polymarket,0.01,10.0,0.01,-0.3,0.7101557358328622,99.97349565405632,0.0,1.862354975093363,True,True,1187.0399622644895,-1294.180914081457,-1782.4166788471625,976.4715295314109,2.286206348307829e-211,261
0x34b8fa269775d034f3d98b6848e0a7c5212efcaa0c98e6f8fb54c5d6f72b3705,polymarket,0.01,9.99449739566958,0.01,-0.3,1e-06,99.97136000065929,0.0,1.6780760295573998,True,True,1677.9786302967825,-1375.2727376198166,-1730.7894440060593,711.0334127724855,8.50258081122492e-154,268
0x373f49179e6675ebf892ab562da3ca812280705e530dab69a30712ee13b22b49,polymarket,0.01,9.936508562843775,0.01,-0.3,1e-06,99.80150173296852,1.5891366718271962,1.3440876167482878,True,True,1959.6780603411405,-989.7510478539867,-1242.623897059033,505.7456984100925,2.7131844288772816e-109,190
0x39739e38954e57138565a5b3acf5209c902b495a5c89b09b8b39812768cb3a59,polymarket,0.01,9.929730858922783,0.01,-0.5,1e-06,99.85594125446647,0.0,2.1787735475973977,True,True,1530.7847276982795,-956.1223014896804,-1247.937032615661,583.6294622519615,3.56634557115766e-126,188
0x3aacd25625f8dbf5bc0407d622067c2eb5706937a25cdba448f12aea6f38a2c3,polymarket,0.01,10.0,0.43123285532721733,-0.3,5.0,100.0,5.0,3.0,True,True,8619.382438876688,-195.9987524014261,-215.0995893719273,38.20167394100241,2.561801856263506e-08,22
0x3ac961dca3c4f0fc34bf94c661962012ab5e8bcdcadfc99affa06eddde00b29f,polymarket,1.1043205193292243,1.0375612907624523,0.5,-0.3,2.045048075770204,2.9290599222592664,-2.130333963376924,1.2781923102802364,True,True,7.939402016263807,-746.2766839549055,-760.7320860532993,28.910804196787694,2.3381858166767888e-06,304
0x3faf3dbf90050968deafdc980118910ebe8d2410a573bc265ba81fc4658c793b,polymarket,0.01,5.501226230181294,0.3314698800575529,-0.3,5.0,60.112360069993414,1.622746070245879,1.354884336353498,True,True,773.6775009544325,-920.4412533042633,-1239.9328042576258,638.9831019067249,3.564061841678631e-138,194
0x4057c2528a3815d460f0c5889f52a914745b23400c4548804afee8f9c4a56ec3,polymarket,25.073659085833558,0.020194477465736334,0.9962283874499016,0.0,0.021133743967234025,5.136248725109767,-1.7219404664396498,0.10433128261197303,True,True,0.08269656117368689,-33.4940812454197,-41.42098806100419,15.853813631168975,0.0012149839030175093,194
0x40bbdd26dc08406eedcb913efee7f7faddf50e16fc21caedb4972d57fd71e0d1,polymarket,0.01,3.320333532026116,0.01,0.0,1e-06,26.83656357898043,3.2161925146409525,0.0010002120189698017,True,True,3172.755656897084,-1433.4315911346698,-1661.3774025248872,455.8916227804348,1.7246950606064554e-98,263
0x42e7fa3bd683a276dae0292f0ab910ac18eb76ce7cf014ec9203f6539768735a,polymarket,0.01,4.987596894033786,0.2690559279960758,-0.3,1e-06,48.77360812480072,0.0,1.4345033067921154,True,True,706.3364650969705,-1090.2242198817194,-1188.4648593133952,196.4812788633517,2.428995858598664e-42,232
0x4a5b5f52c6e7f2af6b06462c92d12ea7bd1662c87be11828da0722ff32373b36,polymarket,0.01,3.3629740667235977,0.2582583040152805,0.5,1e-06,21.77506355585618,-2.9191823121128864,1.8445830520184079,True,True,2294.410290459649,-1142.275325805815,-1302.2447442272432,319.9388368428563,4.808271373369671e-69,216
0x4c21fdaee92538da1af2d227e7688673fe8789decff537003cd3b67b0ecb1b8d,polymarket,0.01,10.0,0.4245303427656193,-0.3,5.0,100.0,5.0,3.0,True,True,35797.59671327329,-1432.533382181069,-266.03750235805467,0.0,1.0,18
0x50555c7f34fc16f03d84dd3c5f416506e53455515a8ca82c0fa90a2f8cacb5d3,polymarket,0.01,10.0,0.25952994425776077,-0.3,5.0,100.0,5.0,3.0,True,True,19098.3298518317,-319.03812657888693,-243.78461853383016,0.0,1.0,21
0x534da3946b8da84a8687e346e735fcc1d7c7078c057b1a7769cb9991b3e67968,polymarket,0.01,3.433359455538754,0.01,0.0,1e-06,28.339337511660695,3.149221727038698,0.001,True,True,3297.9290754483563,-1411.2018220654584,-1626.0581524544305,429.71266077794417,8.102473223201844e-93,258
0x547171b466f04230c9a6bfd13a71fb24de3442e10ce5cea95232d970f36fd5bf,polymarket,0.01,3.067579949860391,0.01,-0.3,1e-06,30.148341469619627,0.0,2.999421450496985,True,True,2518.45477286038,-1419.0302223825363,-1682.871609156187,527.6827735473016,4.7762696935427555e-114,266
0x55c551896c10a74861f2fd88b4f928694310114704cc74b29b9760d1156cade6,polymarket,0.01,9.989967295377454,0.01,-0.5,1e-06,99.99680968622722,0.0,1.6086411043807398,True,True,1620.8392814609674,-1406.4309542355306,-1753.18504592089,693.5081833707186,5.36663600070479e-150,275
0x5df9458d9918da733d784bc2a07768b293d10826385a3eb31dd716f99475dc79,polymarket,0.01,10.0,0.39910086974379255,-0.3,5.0,100.0,5.0,3.0,True,True,50497.857005439204,-624.4870220056113,-242.39754559304657,0.0,1.0,16
0x5e9dcbf5748f0d4df34dc4795add11e59d529dbd08bd597966e8cb83a266565a,polymarket,0.01,1.3174563685053968,0.12665662914402356,0.5,4.221512210824617,3.916933178508761,-3.18812459908004,2.011889192262311,True,True,27.50496435015224,-129.1971151088832,-130.56602644403685,2.7378226703073096,0.43383794674994525,42
0x63634b4e14297a748923f86dca4fa0c6c659db0f5fadeeb8e419e48e20759c34,polymarket,0.01,9.925240122653271,0.01,-0.3,5.0,99.8866404365809,-1.4676277645396008,0.8801175805742801,True,True,1908.3809621554542,-1361.3372863922839,-1743.5501061458153,764.4256395070629,2.24520589376489e-165,262
0x642926331d650ed2e4e1da2593f388cd803b4f283e09218fc1c5de90087b585c,polymarket,23.097404098287452,0.39726428519816864,1.0,0.0,1e-06,5.923777812068388,-1.697041036913259,0.10814502482038733,True,True,0.4188814779854101,-190.8678506205746,-199.4703325513396,17.204963861530018,0.0006413499847133211,194
0x653483009043f1663360bc35ed8fb542d3f9453916082d20ff025adaa2fe7032,polymarket,0.01,9.99938988554577,0.01,-0.5,1e-06,1.5134423205713623,0.0,2.9999998626212787,True,True,67.0754199804981,-669.1538704723062,-672.0172658945169,5.72679084442143,0.12568600269157548,190
0x67a072e839762191a7931e405923110d52343ef6dc1d61cfc0720233951c03e4,polymarket,0.01,1.3554148269730497,0.1314974233651432,-0.3,1e-06,2.945112120902762,-4.960145076189869,2.9760840467988894,True,True,36.17564041056179,-131.74001290871234,-134.80754630367608,6.135066789927464,0.10522068385963429,41
0x692cf1efb4aeb95f38a02b2b06085fee7f0e531967e12b996d4a1efeb1d570cf,polymarket,0.01,9.999999859732371,0.21919601147905457,0.0,1e-06,99.99967095837404,4.76041982305352,2.8588034140059104,True,True,2946.8781334917885,-167.8227811067042,-204.27540587682853,72.90524954024863,1.0185554086894724e-15,31
0x696baf880832d000a37ea87cc94235b1ac58e7e9fe7a144ccf5d141877629134,polymarket,0.01,10.0,0.01,-0.3,1e-06,99.97676251334056,0.0,1.8289458077227783,True,True,1531.390954238051,-1332.5083475143463,-1745.9719294553047,826.9271638819168,6.255266643894213e-179,262
0x70ee5e1d18a794f36d3c50b7215bd203e00f702d71fa0f0014466f98afe35a09,polymarket,0.01,10.0,0.23149931867570492,-0.3,1e-06,100.0,5.0,3.0,True,True,3555.64364240346,-170.72207117636506,-208.6545528092652,75.86496326580027,2.3643332337415257e-16,31
0x73ac4c1e5be0a89685328c9f5b833d828ffd62dfa07ceaf8536edbc43aa5f51e,polymarket,0.01,6.41624880003131,0.3554230314392686,0.0,0.8865494866512756,64.02759558747634,2.0046095285552443,1.179854790731672,True,True,1190.03821158922,-1294.5101180165027,-1782.8190754892319,976.6179149454583,2.1250087458049235e-211,261
0x78e20dcb15d578061a6df0c5014d66cc21244bad6848336f3513493c65cf09c1,polymarket,0.01,10.0,0.01,-0.5,1e-06,99.55985289799823,0.0,1.430297471278789,True,False,2214.2463157266266,-996.093317731187,-1079.0182091015365,165.84978274069908,1.0013135656555547e-35,189
0x7da35195ac3c7bf167f88ab0c27067a99020e36de67d39968b71d9debcdd925e,polymarket,0.01,8.91419726606667,0.27730741341462833,-0.3,1e-06,29.76012609126247,0.0,2.850126439319166,True,True,3113.5010052128537,-1474.4776281875725,-1681.302652792545,413.6500492099449,2.44532069437349e-89,271
0x814f5f4ed96cc3666fc05923f42bb1fd7f9c436dfc923d06a624904bbe0b05f8,polymarket,0.01,8.866970663858769,0.01,0.0,5.0,87.48478037569234,4.088128652394471,2.4129249828339767,True,True,4399.880503819488,-196.47617037174172,-224.14837124497114,55.34440174645886,5.7974564428033265e-12,35
0x86797195cdde3c3a30e2b1b9503bc727fe787845228e9876ed9bc380aa021148,polymarket,0.01,10.0,0.10971370861445723,-0.3,5.0,100.0,5.0,3.0,True,True,11552.333846434693,-215.06950178091,-203.7591787581329,0.0,1.0,23
0x95153ddd005326dc5dcadbeccc51ffad40e0fa9dac5bd18b242b42eed61d3a6c,polymarket,0.01,9.990941472098008,0.01,-0.5,2.569543020176665,20.30052952570091,0.0,1.9175854427605132,True,True,15.26113731614881,-147.42444539621195,-152.6978879101859,10.546885027947894,0.014446198683031621,53
0x96f6fb6567b5938fc3c2e75f9829d7287340b9581a9c4817b8bc0aff82e1c45f,polymarket,0.01,10.0,0.01,-0.5,1e-06,25.205227874277625,0.0,1.8298731117376272,True,True,530.011576966265,-874.6447453038757,-925.1857084223616,101.08192623697187,9.09598785424248e-22,192
0x972520d8ed44dcd71fff95b44e2593750d0e44323a5ccd2ce4bbbc540427bce9,polymarket,0.01,6.162690293761363,0.01,0.0,1e-06,56.93475893069389,2.412348055857016,0.9979654458782374,True,True,2997.5686953826507,-1127.7296137869735,-1342.3112003985582,429.16317322316945,1.0657632607711535e-92,208
0x9876cd5626a39e33e073159b813199f48ee860c8279f67244ee085dc7a9f0b41,polymarket,50.0,9.999999882834938,0.01,-0.5,5.0,31.223764612249006,0.0,2.49510821243511,True,True,90.4571700781365,-135.8468922892552,-138.48799997385493,5.2822153691994345,0.15226058059890113,37
0x9b277b355e9fff465381229667e064abb97ee74934af5e1a2278293f41e69708,polymarket,0.01,6.221109133922368,0.3,0.5,1e-06,56.08863912394783,-2.5525109168782816,1.7526927890620778,True,True,1166.6378374596975,-895.935227292414,-1229.4463443538568,667.0222341228857,2.96908109848654e-144,181
0x9d1f0296f3a016727193d2b45704e0debc3b8048fe0715f8bb1e91550d321872,polymarket,45.762409425794836,8.480312074723782,0.3,0.5,3.4074181840820152,93.71470436236677,-1.328453660122695,1.4257015592642597,True,True,85.95708685025778,-991.6746337297102,-1049.7815278472522,116.21378823508394,5.043771055613975e-25,272
0x9e9071636d176562592a98dfede865385ba0cff7864cfa01f0479ca6e9e26e1b,polymarket,7.519794508270825,10.0,0.01,-0.5,5.0,85.78634668979764,0.0,2.1906680341802507,True,True,956.629122140707,-999.2331799256073,-1176.4054364136427,354.344512976071,1.7097793190895586e-76,206
0xa0811c97f529d627b7774a5b188e605736b745a1f892c39e16c5a022fdb84b8b,polymarket,13.284000352546727,0.22213226984158196,1.0,0.0,1e-06,4.556099241200736,2.97847072619747,1.44885377512856,True,True,8.634398879957882,-481.885411940897,-481.885411940845,0.0,1.0,193
0xa1d06c273030c75b85ecfee08b2ff1f0e510c07f12152f81c707eb83deaab8ba,polymarket,0.01,1.6864756522165616,0.18363708692265954,-0.3,5.0,3.27110260791577,-2.299828128188356,1.379874493828608,True,True,35.140750069456715,-147.1365313362388,-147.14946483671244,0.025867000947300767,0.9989020811329856,46
0xa6e7131f295407c7f56304d6a368a3b98ec280e162bfb38537da392305b202cb,polymarket,0.01,9.999999615662977,0.010015553257175057,-0.3,1e-06,99.99551876755987,0.0,2.2214366484939934,True,True,1671.8408402566254,-928.4904583414879,-1211.0135992347741,565.0462817865725,3.806339677631247e-122,181
0xa81f535a21c9fc890b335131ad726476605c563ad6b9a096568a0556db26987a,polymarket,0.01,6.216607150087005,0.3,0.5,1e-06,56.664950312197156,-2.797659357667432,2.999999867280655,True,True,4708.309441401219,-446.2778562541566,-500.2094951908411,107.86327787336904,3.163264213382355e-23,79
0xa923afcb8297e3ade170f2f8c088f3c277557fadef2c67054d72cc59f8504b2b,polymarket,0.01,0.6665110052896691,0.01,0.0,1e-06,13.53804144272022,1.3754951498019194,0.7247024825319188,True,True,368.21910839837966,-1053.9619881707983,-1069.1231969121693,30.322417482741912,1.1804994459720431e-06,241
0xab0132a0b89e43d95c2643ac835877c757849e9a64ebac3c9f0c4696db41a288,polymarket,0.01,8.212973349763955,0.01,-0.3,1e-06,83.82517538696399,0.0,2.976124089941653,True,True,1234.2056895809362,-696.9242071845392,-975.4379868256117,557.0275592821449,2.0828516863201632e-120,140
0xac7162f96876ea602d984de6f9800b8a4b8a45897e798a7630d9e004ae5b9a0b,polymarket,0.01,6.449677367738298,0.07849220860206527,-0.3,1e-06,63.29889283839846,0.0,1.5747190603392138,True,False,1697.7652498951093,-1089.2214858604798,-1177.3252285651195,176.20748540927934,5.813356782479092e-38,212
0xac95a5009e493902628eaaa2138780fca5b5476825924ae7de023e8c65917662,polymarket,0.01,1.089912928381841,0.08628786960344048,0.5,2.3005748034210005,2.0152066847350887,-4.390480610575493,2.89439601374422,True,True,53.00655316644061,-166.80316911571404,-167.7675024690129,1.92866670659771,0.5873433812446118,49
0xad6d309aaa500d96855996e84da00dfb2379548a693ca684d0877cf94fec05d1,polymarket,0.01,3.541121871254065,0.01,-0.3,1e-06,34.91990509753106,0.0,2.999452959681503,True,True,2077.0004855970797,-1372.4427774321844,-1704.065880667942,663.2462064715155,1.955901450219232e-143,262
0xafde9e890a2db339b6515cd75c2d09574dcaf731b483a1ef6ea0a3abc5ec8abd,polymarket,0.01,2.962328120660566,0.01,-0.3,1e-06,12.621019422234925,0.0,2.998030812909812,True,True,1602.1771888004007,-878.6685428438187,-906.1094256470278,54.881765606418185,7.27675324655976e-12,172
0xb26fd99a7b7bae4e13c9bb3becf65353708a805f9c1aea74484d107e6ba512cd,polymarket,0.01,9.999999976537342,0.44568811489961063,-0.3,1e-06,99.95602338110847,0.0,1.528009474088533,True,True,6446.678760422533,-1497.8526926900167,-1603.4697141353727,211.23404289071186,1.575701654996891e-45,258
0xb3b8ce34ae09a3d89aa860f033a2309b28f4712b1879bc5c6f787df3788e5d1d,polymarket,0.01,2.7804732177319034,0.22173532711512986,-0.3,2.5633219632199356,4.865717751801765,3.188435473566884,1.9130599771828056,True,True,26.292301295228746,-125.19664134462491,-126.50203335747537,2.610784025700923,0.45560210374204846,41
0xb3e11395bc67c2ad811de3ea4f58d47778e7a7d209eb73bc04a21c5a7472c186,polymarket,0.01,1.0046319007478774,0.1416805861212478,0.0,1e-06,19.77329585399986,1.640484558856709,1.1583468437856386,True,True,150.55209992893768,-710.651432151542,-802.9989347194115,184.69500513573894,8.540621254663179e-40,181
0xb92f22143e7b48609a82573fa8197dc73683a15acb467b0f51ee63da7e3f520b,polymarket,0.01,9.99940130070466,0.01,-0.5,1e-06,98.99759983485286,0.0,1.5756812305455696,True,True,2181.304786652825,-1415.6944536573787,-1678.9833740600757,526.5778408053939,8.290266397837009e-114,269
0xbb01eefb24a38a9aa1921ec168d3049e7374b28a2540937d06b3ff2524d66627,polymarket,0.01,3.5535689739823533,0.2665888629662961,-0.3,1e-06,6.18505859202833,0.0,2.581705533202576,True,True,342.2434001709103,-1036.4783752395438,-1065.628740882287,58.30073128548656,1.3558152007719415e-12,239
0xc53c00d3ed7df96cb528e049ca2d8a6056b620a82bfffd3ad58d35c5f92c02d6,polymarket,0.01,9.999041499016748,0.01,-0.5,1e-06,97.49808696389483,0.0,1.2823202563700866,True,True,1488.3309685009149,-862.1879092774029,-917.0380318711542,109.70024518750256,1.2730470155712044e-23,170
0xc6485bb7ea46d7bb89beb9c91e7572ecfc72a6273789496f78bc5e989e4d1638,polymarket,42.395541209970986,9.294805921768235,0.3,0.5,5.0,76.25163670041097,-3.0915346881662664,2.38165939040644,True,True,1230.122747037877,-1502.8646919541998,-1586.3581668623385,166.9869498162775,5.689887772524224e-36,302
0xcd1b6b71a1964f15e2c14809594cbfa0d576270e8ef94c8c24913121097e09e5,polymarket,0.01,2.695382577708812,0.1835018990518357,0.5,1e-06,13.27232411547882,-1.5960641467029757,1.1558887718557656,True,True,711.0165323448082,-1401.2953689223086,-1457.2811837981646,111.97162975171204,4.130394536794991e-24,298
0xced9f9d90c94db9f1e1dbd7d9fba82fe4fa7431c0d4e91e28896c8ac2d6acadd,polymarket,0.01,9.479580130467872,0.4335749358848475,-0.3,1e-06,99.90349292661617,0.0,1.722235378634401,True,True,1572.4634002196515,-1381.8988987750706,-1754.902597394923,746.0073972397049,2.2153613810969565e-161,271
0xd1cce1f51effdf3957144fdc87b5e8aace1d1f7ab21976a046b71744ecad8443,polymarket,0.01,3.5846552087368195,0.26685361475377206,0.5,1e-06,24.139857806668253,-3.155280972898655,2.0233887804340074,True,True,1429.8296798176038,-1318.4662919984276,-1750.9293138437415,864.9260436906279,3.586136230643431e-187,261
0xd28eff5dc23bc2520042f8722add1afc39cdc9ea00650262e75a5d3bafeed06b,polymarket,0.01,9.99549297411857,0.44409971507064006,-0.3,5.0,99.987637959063,0.0,2.1983679850734306,True,True,1283.8586813880556,-924.5892976447271,-1308.4855557663614,767.7925162432684,4.1792659902470466e-166,185
0xd4a957e7b51fc2e74c4f1909583972011772eda01aada975251aeaffbbc73f56,polymarket,0.01,10.0,0.4449475282985066,-0.3,5.0,100.0,5.0,3.0,True,True,12856.855706893519,-219.70705163525207,-211.1180277359059,0.0,1.0,24
0xd6f4c41fd20b8c6d5b48d528ead981d8fdf3da99d05018443e2d5bc60085e3dd,polymarket,0.01,2.0096190831190954,0.01,-0.3,1e-06,7.752175775172466,-5.0,3.0,True,True,1086.9861860717078,-943.5898252311844,-1142.7927201847167,398.4057899070647,4.903100900620911e-86,192
0xdcb247a07c561e4d960cd5bd9346bfcd205a9ae6557263b390e93f9e90ca56ee,polymarket,0.01,5.156294664804491,0.28377999240875534,-0.3,1e-06,13.590915541117202,4.9952570391531905,2.997151544529617,True,True,429.02268115235984,-173.53857530437364,-187.65326108110335,28.22937155345943,3.2508737272257086e-06,39
0xdd22472e552920b8438158ea7238bfadfa4f736aa4cee91a6b86c39ead110917,polymarket,0.01,9.911983347862773,0.01,-0.5,1e-06,3.894825866827243,0.0,2.476462180445551,True,True,625.1392548040005,-1414.56940999441,-1424.7560987938864,20.37337759895263,0.000142030070827287,305
0xdf3b361f2617570e0abc10ece5e350a979c5e1e58ad5a2b5147e023ade4d9311,polymarket,0.01,10.0,0.30394098689887655,-0.3,5.0,100.0,5.0,3.0,True,True,6741.59125467972,-197.91684286005085,-299.92649269382,204.01929966753835,5.710326271515615e-44,30
0xe1dc4ae259d47a61f59c76462e1f087e94cd027a3c79827f476469f1cf1c1982,polymarket,0.01,9.868631959039464,0.01,-0.5,1e-06,99.91893697470562,0.0,2.0155125957039703,True,True,2301.4648929567475,-1105.5321612855823,-1367.1415880048753,523.2188534385859,4.4317881596059263e-113,209
0xe721d257bb72949a6c61a77847b7880519a6164a8211e815da15eccd750c4626,polymarket,0.01,9.896561579927772,0.4288050494684226,-0.3,5.0,99.86300648441424,-1.6384906527391783,1.5461173197095313,True,True,1034.8836654858048,-865.5232410159626,-1236.3344458654178,741.6224096989104,1.9785900028161445e-160,177
0xe83e0658c0c1cdfc4e2e4a82128307cc9b4c2cd0239c321f5a8f8a5ec38ae6b9,polymarket,0.01,9.999999995164016,0.335816270020472,-0.3,1e-06,99.98725483996178,4.178686842977315,2.5072136817567308,True,True,3581.934527921197,-154.32178187647722,-173.36920485767163,38.09484596238883,2.6987612838251616e-08,28
0xea236b37f6ba053c48240dafea9b4b745ce43aebd44d8911df35302d1ac951a3,polymarket,0.01,9.924193070225057,0.44550850639665684,-0.3,5.0,99.89684423034916,1.8028697247365157,1.0817244015720109,True,True,901.7897531907886,-944.943126887077,-1373.715046423436,857.5438390727179,1.431512466365504e-185,196
0xf3a7a2365b6ec113117184bb2d1b020577355a1028fde0b32671c4cfbbbbd589,polymarket,0.01,9.994831745827655,0.01,-0.5,1e-06,99.60791587342473,0.0,1.7192677701285235,True,True,1869.7424840816245,-1389.7720614200214,-1754.071188688371,728.5982545366992,1.3203170636990385e-157,268
0xf488aacaba74914fe181c68d8b6195e13c4ec8b6c1b215c299d297666297200e,polymarket,0.01,9.91369818722045,0.01,-0.5,1e-06,99.9990409208048,0.0,1.671392029691846,True,True,2903.2272640996994,-1437.9988684170935,-1683.7120230651556,491.42630929612415,3.4409877741177895e-106,266
0xf6106065ec5d5dae7eca350be64e5246ae331b35937ea55b64152f65fbc0b37f,polymarket,0.01,9.914478961969653,0.01,-0.3,4.83679370650643,99.86043262115084,-1.5466920312845982,0.9890671044140397,True,True,1332.252981318813,-1309.2417492135337,-1788.2996702395108,958.1158420519541,2.1922497570564257e-207,261
